<?xml version="1.0" encoding="UTF-8"?>
<project-private xmlns="http://www.netbeans.org/ns/project-private/1">
    <editor-bookmarks xmlns="http://www.netbeans.org/ns/editor-bookmarks/2" lastBookmarkId="0"/>
    <open-files xmlns="http://www.netbeans.org/ns/projectui-open-files/2">
        <group>
            <file>file:/C:/Users/55549/Desktop/Sistema%20Hospitalar%20UC%2012/SistemaHospitalar/src/modelo/Paciente.java</file>
            <file>file:/C:/Users/55549/Desktop/Sistema%20Hospitalar%20UC%2012/SistemaHospitalar/src/visao/Menu.java</file>
            <file>file:/C:/Users/55549/Desktop/Sistema%20Hospitalar%20UC%2012/SistemaHospitalar/src/dao/PacienteDAO.java</file>
            <file>file:/C:/Users/55549/Desktop/Sistema%20Hospitalar%20UC%2012/SistemaHospitalar/src/dao/DAOFactory.java</file>
            <file>file:/C:/Users/55549/Desktop/Sistema%20Hospitalar%20UC%2012/SistemaHospitalar/test/suitetestes/TestesUnitarios.java</file>
            <file>file:/C:/Users/55549/Desktop/Sistema%20Hospitalar%20UC%2012/SistemaHospitalar/src/servicos/PacienteServicos.java</file>
            <file>file:/C:/Users/55549/Desktop/Sistema%20Hospitalar%20UC%2012/SistemaHospitalar/src/visao/GuiCadPaciente.java</file>
            <file>file:/C:/Users/55549/Desktop/Sistema%20Hospitalar%20UC%2012/SistemaHospitalar/src/visao/GuiJTableBuscaPaciente.java</file>
        </group>
    </open-files>
</project-private>
